{
  "test/integration/pages/VendorPriceCompList.js": 1693327594000,
  "test/integration/opaTests.qunit.js": 1693327594000,
  "i18n/i18n.properties": 1693327610000,
  "test/integration/pages/VendorPriceCompObjectPage.js": 1693327594000,
  "test/integration/FirstJourney.js": 1693327594000,
  "test/testsuite.qunit.js": 1693327594000,
  "xs-app.json": 1694508875401,
  "manifest.json": 1704347724876,
  "Component.js": 1693327594000,
  "test/integration/pages/VendorPriceCompList-dbg.js": 1693327594000,
  "test/integration/pages/VendorPriceCompList.js.map": 1704779312826,
  "test/integration/opaTests.qunit-dbg.js": 1693327594000,
  "test/integration/opaTests.qunit.js.map": 1704779312852,
  "test/integration/pages/VendorPriceCompObjectPage-dbg.js": 1693327594000,
  "test/integration/pages/VendorPriceCompObjectPage.js.map": 1704779312833,
  "test/integration/FirstJourney-dbg.js": 1693327594000,
  "test/integration/FirstJourney.js.map": 1704779312849,
  "test/testsuite.qunit-dbg.js": 1693327594000,
  "test/testsuite.qunit.js.map": 1704779312835,
  "Component-dbg.js": 1693327594000,
  "Component.js.map": 1704779312837,
  "Component-preload.js": 1704779313032,
  "Component-preload.js.map": 1704779313032,
  "test/integration/opaTests.qunit.html": 1693327594000,
  "test/testsuite.qunit.html": 1693327594000,
  "test/flpSandbox.html": 1693327594000,
  "localService/metadata.xml": 1693327594000,
  "index.html": 1693327594000
}