{
  "xs-app.json": 1694508875401,
  "test/integration/FirstJourney.js": 1694144599866,
  "test/integration/pages/Source_EventsObjectPage.js": 1694144599862,
  "test/integration/pages/Source_EventsList.js": 1694144599862,
  "test/integration/opaTests.qunit.js": 1694144599850,
  "test/integration/pages/VendorPriceCompObjectPage.js": 1694144599866,
  "ext/controller/ObjPage.controller.js": 1704779183214,
  "ext/controller/GeneratePdf.js": 1704711055960,
  "ext/controller/Commentsedit.js": 1704711386004,
  "test/testsuite.qunit.js": 1694144599842,
  "i18n/i18n.properties": 1694144624458,
  "manifest.json": 1704777831961,
  "Component.js": 1694144599834,
  "Component-dbg.js": 1694144599834,
  "Component.js.map": 1704779302408,
  "test/integration/pages/Source_EventsObjectPage-dbg.js": 1694144599862,
  "test/integration/pages/Source_EventsObjectPage.js.map": 1704779302431,
  "test/integration/pages/Source_EventsList-dbg.js": 1694144599862,
  "test/integration/pages/Source_EventsList.js.map": 1704779302448,
  "test/integration/opaTests.qunit-dbg.js": 1694144599850,
  "test/integration/opaTests.qunit.js.map": 1704779302434,
  "test/integration/pages/VendorPriceCompObjectPage-dbg.js": 1694144599866,
  "test/integration/pages/VendorPriceCompObjectPage.js.map": 1704779302413,
  "ext/controller/ObjPage-dbg.controller.js": 1704779183214,
  "ext/controller/ObjPage.controller.js.map": 1704779302473,
  "ext/controller/GeneratePdf-dbg.js": 1704711055960,
  "ext/controller/GeneratePdf.js.map": 1704779302443,
  "ext/controller/Commentsedit-dbg.js": 1704711386004,
  "ext/controller/Commentsedit.js.map": 1704779302440,
  "test/testsuite.qunit-dbg.js": 1694144599842,
  "test/testsuite.qunit.js.map": 1704779302450,
  "test/integration/FirstJourney-dbg.js": 1694144599866,
  "test/integration/FirstJourney.js.map": 1704779302459,
  "Component-preload.js": 1704779302698,
  "Component-preload.js.map": 1704779302698,
  "test/integration/opaTests.qunit.html": 1694144599842,
  "test/testsuite.qunit.html": 1694144599842,
  "test/flpSandbox.html": 1694144599842,
  "localService/metadata.xml": 1694144599838,
  "css/style.css": 1704778778402,
  "index.html": 1694144599834
}