{
  "manifest.json": 1694508875497,
  "Component.js": 1694399919898,
  "test/integration/pages/Source_EventsObjectPage.js": 1694399920002,
  "test/integration/pages/Source_EventsList.js": 1694399920002,
  "test/integration/opaTests.qunit.js": 1694399919966,
  "test/integration/FirstJourney.js": 1694399920062,
  "test/testsuite.qunit.js": 1694399919962,
  "xs-app.json": 1694508875401,
  "i18n/i18n.properties": 1694399934110,
  "test/integration/pages/VendorPriceCompObjectPage.js": 1694399920026,
  "test/testsuite.qunit-dbg.js": 1694399919962,
  "test/testsuite.qunit.js.map": 1704779320163,
  "test/integration/pages/Source_EventsObjectPage-dbg.js": 1694399920002,
  "test/integration/pages/Source_EventsObjectPage.js.map": 1704779320125,
  "test/integration/pages/Source_EventsList-dbg.js": 1694399920002,
  "test/integration/pages/Source_EventsList.js.map": 1704779320169,
  "test/integration/opaTests.qunit-dbg.js": 1694399919966,
  "test/integration/opaTests.qunit.js.map": 1704779320152,
  "test/integration/FirstJourney-dbg.js": 1694399920062,
  "test/integration/FirstJourney.js.map": 1704779320147,
  "Component-dbg.js": 1694399919898,
  "Component.js.map": 1704779320152,
  "test/integration/pages/VendorPriceCompObjectPage-dbg.js": 1694399920026,
  "test/integration/pages/VendorPriceCompObjectPage.js.map": 1704779320162,
  "Component-preload.js": 1704779320381,
  "Component-preload.js.map": 1704779320381,
  "test/integration/opaTests.qunit.html": 1694399919966,
  "test/testsuite.qunit.html": 1694399919958,
  "test/flpSandbox.html": 1694399919958,
  "localService/metadata.xml": 1694399919954,
  "index.html": 1694399919902
}